{"TablesQuantity":5,"WaitersQuantity":1,"ChefsQuantity":5,"BeginWork":8,"EndWork":24,"PeakTime":18,"StdDev":4,"GroupQuantity":50,"MaxPeople":6,"CapacityTable":6,"GraphData":[0,0,0,0,0,0,0,0,0,11.526315789473685,7.538461538461538,10.222222222222221,16.782608695652176,8.2,20.23913043478261,29.18918918918919,22.55263157894737,34.166666666666664,45.148148148148145,27.16,51.29032258064516,37.09090909090909,14.125,6.333333333333333],"GraphDataPeople":[0,0,0,0,0,0,0,0,0,0,0,0,0,0,0,0,3,0,16,0,3,1,0,0]}