{"TablesQuantity":5,"WaitersQuantity":1,"ChefsQuantity":5,"BeginWork":0,"EndWork":24,"PeakTime":18,"StdDev":10,"GroupQuantity":50,"MaxPeople":6,"CapacityTable":6,"GraphData":[0,3.875,15.777777777777779,6.857142857142857,0,10.8125,4.666666666666667,10.15,11.76923076923077,10.8125,9.461538461538462,18.261904761904763,19.227272727272727,17.09090909090909,7,11.125,21.651162790697676,26.575757575757574,11.413793103448276,11.666666666666666,11.961538461538462,13.366666666666667,13.176470588235293,12.25]}