{"TablesQuantity":5,"WaitersQuantity":1,"ChefsQuantity":5,"BeginWork":8,"EndWork":24,"PeakTime":18,"StdDev":4,"GroupQuantity":50,"MaxPeople":6,"CapacityTable":6,"GraphData":[0,0,0,0,0,0,0,0,0,0,9.84,9.461538461538462,0,11,14.96551724137931,7.375,25.3125,22.782608695652176,29.857142857142858,14.91304347826087,31.358490566037737,62.535714285714285,31.428571428571427,13.674418604651162],"GraphDataPeople":[0,0,0,0,0,0,0,0,0,0,0,0,0,0,0,0,1,0,4,0,1,10,0,0]}